{
	"class_name" : "PinholeCameraParameters",
	"extrinsic" : 
	[
		-0.1609507693233049,
		-0.26561802297512727,
		-0.95054821851656801,
		0.0,
		0.98282727556113336,
		-0.13120488328900135,
		-0.12975293836441562,
		0.0,
		-0.090251849107464838,
		-0.95510855114583937,
		0.28217416476491797,
		0.0,
		0.14316943623928374,
		4.2692050295812667,
		5.3496453665019104,
		1.0
	],
	"intrinsic" : 
	{
		"height" : 1011,
		"intrinsic_matrix" : 
		[
			875.55168322606755,
			0.0,
			0.0,
			0.0,
			875.55168322606755,
			0.0,
			959.5,
			505.0,
			1.0
		],
		"width" : 1920
	},
	"version_major" : 1,
	"version_minor" : 0
}